{"client_meta":{"background_color":{"r":0.11764705926179886,"g":0.11764705926179886,"b":0.11764705926179886,"a":1},"thumbnail_size":{"width":400,"height":381},"render_coordinates":{"x":0,"y":0,"width":28411,"height":27086}},"file_name":"Untitled","developer_related_links":[],"exported_at":"2026-06-21T21:21:16.918Z"}